{"cameraMode":{"drawMode":0,"name":"Shaded","section":"Shading Mode"},"sceneLighting":true,"audioPlay":false,"sceneViewState":{"m_AlwaysRefresh":false,"showFog":true,"showSkybox":true,"showFlares":true,"showImageEffects":true,"showParticleSystems":true,"showVisualEffectGraphs":true,"m_FxEnabled":true},"in2DMode":false,"pivot":{"x":49.0527229309082,"y":50.00000762939453,"z":-45.96127700805664},"rotation":{"x":0.28690528869628909,"y":0.0057472786866128449,"z":-0.0017220262670889497,"w":0.9579417705535889},"size":49.502750396728519,"orthographic":true}