{"cameraMode":{"drawMode":0,"name":"Shaded","section":"Shading Mode"},"sceneLighting":true,"audioPlay":false,"sceneViewState":{"m_AlwaysRefresh":false,"showFog":true,"showSkybox":true,"showFlares":true,"showImageEffects":true,"showParticleSystems":true,"showVisualEffectGraphs":true,"m_FxEnabled":true},"in2DMode":false,"pivot":{"x":-1.9952391386032105,"y":0.9145336151123047,"z":7.284393310546875},"rotation":{"x":0.0018602929776534439,"y":-0.9710966944694519,"z":0.23856870830059052,"w":0.007570900954306126},"size":27.99997329711914,"orthographic":false}