{"cameraMode":{"drawMode":0,"name":"Shaded","section":"Shading Mode"},"sceneLighting":false,"audioPlay":false,"sceneViewState":{"m_AlwaysRefresh":false,"showFog":true,"showSkybox":false,"showFlares":true,"showImageEffects":true,"showParticleSystems":true,"showVisualEffectGraphs":true,"m_FxEnabled":true},"in2DMode":false,"pivot":{"x":1.5068433284759522,"y":1.8666341304779053,"z":10.501103401184082},"rotation":{"x":-0.08719975501298905,"y":0.6802135705947876,"z":-0.08201964944601059,"w":-0.7231745719909668},"size":6.6823225021362309,"orthographic":true}